94.29357798165137,110.03669724770641,-91,-91,677200105090350,AIRBRAKE POSITION,AIRCRAFT NUMBER,Path High,Two Parameter Chart,tester
