x_initial,x_final,y_inital,y_final,flight,x_parameter,y_parameter,Anomaly_Type,Graph_Type,User
73.26605504587155,86.53211009174312,-91,-91,677200105090350,AIRBRAKE POSITION,AIRCRAFT NUMBER,Speed High,Two Parameter Chart,adhikar
15.596330275229358,9.394495412844037,86.70422535211267,71.07042253521126,677200105090350,Distance From Landing (Miles),AIRBRAKE POSITION,Speed High,DTR Chart,adhikar
302.4770642201835,341.9724770642202,104.61971830985915,96.67605633802818,677200105090350,Time,AIRBRAKE POSITION,Speed High,Time Series Chart,adhikar
