x_initial,x_final,y_inital,y_final,flight,x_parameter,y_parameter,Anomaly_Type,Graph_Type,User
96.11009174311927,106.8440366972477,57.46478873239437,51.63380281690141,677200105090350,AIRBRAKE POSITION,ACMS TIMING USED T1HZ,Path High,Two Parameter Chart,adhikar
96.11009174311927,106.8440366972477,57.46478873239437,51.63380281690141,677200105090350,AIRBRAKE POSITION,ACMS TIMING USED T1HZ,Path High,Two Parameter Chart,adhikar
96.11009174311927,106.8440366972477,57.46478873239437,51.63380281690141,677200105090350,AIRBRAKE POSITION,ACMS TIMING USED T1HZ,Path High,Two Parameter Chart,adhikar
96.11009174311927,106.8440366972477,57.46478873239437,51.63380281690141,677200105090350,AIRBRAKE POSITION,ACMS TIMING USED T1HZ,Path High,Two Parameter Chart,adhikar
